2024-01-18T15:44,"Femera 0.3.638+g481c0a25",7036,120,2117,44,3,59,00:03:09,"mpic++ 8","LAVRL2022100589.ndc.nasa.gov","i7-12800H"
2024-01-19T18:26,"Femera 0.3.639+g4d756339",7014,119,2086,43,3,58,00:03:03,"mpic++ 8","LAVRL2022100589.ndc.nasa.gov","i7-12800H"
2024-01-20T00:03,"Femera 0.3.640+ge5bd467e",7015,119,2086,43,3,59,00:03:02,"mpic++ 8","LAVRL2022100589.ndc.nasa.gov","i7-12800H"
2024-01-20T11:00,"Femera 0.3.641+g8009b036",7016,119,2086,43,3,58,00:04:04,"mpic++ 8","LAVRL2022100589.ndc.nasa.gov","i7-12800H"
2024-01-20T15:06,"Femera 0.3.642+g33805492",7020,119,2089,43,3,59,00:03:34,"mpic++ 8","LAVRL2022100589.ndc.nasa.gov","i7-12800H"
2024-01-20T15:11,"Femera 0.3.643+gbb0dd718",7020,119,2089,43,3,59,00:03:03,"mpic++ 8","LAVRL2022100589.ndc.nasa.gov","i7-12800H"
2024-01-22T02:49,"Femera 0.3.644+g97431039",7020,119,2089,43,3,59,00:03:05,"mpic++ 8","LAVRL2022100589.ndc.nasa.gov","i7-12800H"
2024-01-22T02:53,"Femera 0.3.645+ged95ae2e",7020,119,2089,43,3,59,00:03:04,"mpic++ 8","LAVRL2022100589.ndc.nasa.gov","i7-12800H"
2024-02-06T18:34,"Femera 0.3.646+g0b13620f",7021,119,2089,43,3,59,00:01:09,"mpic++ 8","LAVRL2022100589.ndc.nasa.gov","i7-12800H"
2024-02-06T19:07,"Femera 0.3.647+g3e695300",7021,119,2089,43,3,59,00:01:09,"mpic++ 8","LAVRL2022100589.ndc.nasa.gov","i7-12800H"
2024-04-16T18:01,"Femera 0.3.648+g7caeb6e6",7023,119,2089,43,3,59,00:03:09,"mpic++ 8","LAVRL2022100589.ndc.nasa.gov","i7-12800H"
2024-04-17T01:15,"Femera 0.3.649+gba1e9d5c",7023,119,2089,43,3,59,00:01:07,"mpic++ 8","LAVRL2022100589.ndc.nasa.gov","i7-12800H"
2024-04-17T01:19,"Femera 0.3.650+ga962d0c5",7023,119,2089,43,3,59,00:01:09,"mpic++ 8","LAVRL2022100589.ndc.nasa.gov","i7-12800H"
2024-04-19T13:44,"Femera 0.3.651+g49a0a3e3",7023,119,2089,43,3,59,00:01:09,"mpic++ 8","LAVRL2022100589.ndc.nasa.gov","i7-12800H"
2024-05-12T18:39,"Femera 0.3.652+gf726d7f9",7205,119,2089,43,3,62,00:01:10,"mpic++ 8","LAVRL2022100589.ndc.nasa.gov","i7-12800H"
2024-05-21T23:15,"Femera 0.3.653+g3e3e4956",7204,119,2089,43,3,62,00:01:06,"mpic++ 8","LAVRL2022100589.ndc.nasa.gov","i7-12800H"
2024-06-16T18:00,"Femera 0.3.654+g9bf2f007",7234,119,2089,43,3,62,00:01:07,"mpic++ 8","LAVRL2022100589.ndc.nasa.gov","i7-12800H"
2024-06-17T13:55,"Femera 0.3.655+g828ad8ed",7245,119,2089,43,3,63,00:01:07,"mpic++ 8","LAVRL2022100589.ndc.nasa.gov","i7-12800H"
2024-06-28T13:19,"Femera 0.3.657+g5ef56ac4",7250,119,2089,43,3,63,00:01:10,"mpic++ 8","LAVRL2022100589.ndc.nasa.gov","i7-12800H"
2024-07-23T14:45,"Femera 0.3.658+gc7864bf7",7258,120,2089,43,3,63,00:01:06,"mpic++ 8","LAVRL2022100589.ndc.nasa.gov","i7-12800H"
2024-08-13T13:07,"Femera 0.3.659+g523e4b1b",7258,120,2089,43,3,63,00:01:10,"mpic++ 8","LAVRL2022100589.ndc.nasa.gov","i7-12800H"
2024-10-07T21:53,"Femera 0.3.660+gdb7530b8",7262,120,2601,43,4,68,00:02:17,"mpic++ 8","LAVRL2022100589.ndc.nasa.gov","i7-12800H"
2024-10-08T06:04,"Femera 0.3.661+g93ea1306",7262,120,2619,43,4,66,00:01:17,"mpic++ 8","LAVRL2022100589.ndc.nasa.gov","i7-12800H"
2024-10-08T06:15,"Femera 0.3.662+gf351f0f6",7262,120,2609,43,3,66,00:01:19,"mpic++ 8","LAVRL2022100589.ndc.nasa.gov","i7-12800H"
2024-10-10T17:24,"Femera 0.3.663+gee3c3e8b",7262,120,2610,43,3,66,00:01:10,"mpic++ 8","LAVRL2022100589.ndc.nasa.gov","i7-12800H"
2024-10-12T01:43,"Femera 0.3.664+g3bb8b7ce",7742,124,2654,44,13,69,00:01:04,"mpic++ 8","LAVRL2022100589.ndc.nasa.gov","i7-12800H"
2024-10-12T15:50,"Femera 0.3.665+g9e3a02bb",7748,124,2653,44,13,69,00:01:16,"mpic++ 8","LAVRL2022100589.ndc.nasa.gov","i7-12800H"
2024-10-13T03:26,"Femera 0.3.666+g832adeee",7854,124,2702,44,18,74,00:01:11,"mpic++ 8","LAVRL2022100589.ndc.nasa.gov","i7-12800H"
2024-10-13T15:54,"Femera 0.3.668+g845e85d3",7855,124,2754,44,14,74,00:01:13,"mpic++ 8","LAVRL2022100589.ndc.nasa.gov","i7-12800H"
2024-10-13T17:17,"Femera 0.3.669+g74812ebf",7871,124,2502,44,15,72,00:01:05,"mpic++ 8","LAVRL2022100589.ndc.nasa.gov","i7-12800H"
2024-10-13T17:43,"Femera 0.3.670+g73ddd709",7871,124,2502,44,15,72,00:01:13,"mpic++ 8","LAVRL2022100589.ndc.nasa.gov","i7-12800H"
2024-10-13T18:36,"Femera 0.3.671+g9e527d09",7871,124,2515,44,16,72,00:01:12,"mpic++ 8","LAVRL2022100589.ndc.nasa.gov","i7-12800H"
2024-10-15T16:02,"Femera 0.3.673+g684d0604",7871,124,2515,44,16,72,00:01:14,"mpic++ 8","LAVRL2022100589.ndc.nasa.gov","i7-12800H"
2024-10-15T16:05,"Femera 0.3.674+g63f65eb3",7450,123,2515,44,16,77,00:01:11,"mpic++ 8","LAVRL2022100589.ndc.nasa.gov","i7-12800H"
2024-10-15T19:06,"Femera 0.3.675+gbf20400d",7450,123,2940,44,16,82,00:01:11,"mpic++ 8","LAVRL2022100589.ndc.nasa.gov","i7-12800H"
2024-10-15T21:08,"Femera 0.3.676+g366ecd4a",7450,123,2548,44,16,76,00:01:11,"mpic++ 8","LAVRL2022100589.ndc.nasa.gov","i7-12800H"
2024-10-15T21:14,"Femera 0.3.677+g401da9e6",7450,123,2548,44,16,76,00:01:11,"mpic++ 8","LAVRL2022100589.ndc.nasa.gov","i7-12800H"
2024-10-16T16:56,"Femera 0.3.678+gbeb4f155",7448,123,2556,44,15,76,00:05:11,"mpic++ 8","LAVRL2022100589.ndc.nasa.gov","i7-12800H"
2024-10-17T07:46,"Femera 0.3.679+g6e9e8658",7467,123,2632,44,15,76,00:01:12,"mpic++ 8","LAVRL2022100589.ndc.nasa.gov","i7-12800H"
2024-10-17T07:49,"Femera 0.3.680+g74c88b2d",7467,123,2632,44,15,76,00:01:09,"mpic++ 8","LAVRL2022100589.ndc.nasa.gov","i7-12800H"
2024-10-18T12:43,"Femera 0.3.681+g1ef71ea1",7624,126,2672,45,15,78,00:02:13,"mpic++ 8","LAVRL2022100589.ndc.nasa.gov","i7-12800H"
2024-10-18T17:55,"Femera 0.3.682+g2b43bdb9",7711,129,2705,46,15,79,00:01:16,"mpic++ 8","LAVRL2022100589.ndc.nasa.gov","i7-12800H"
2024-10-18T20:39,"Femera 0.3.683+gbae40bc0",7843,129,2705,46,15,79,00:01:29,"mpic++ 8","LAVRL2022100589.ndc.nasa.gov","i7-12800H"
2024-10-19T13:57,"Femera 0.3.684+gb9b2694f",7842,129,2698,46,13,78,00:01:30,"mpic++ 8","LAVRL2022100589.ndc.nasa.gov","i7-12800H"
2024-10-19T21:33,"Femera 0.3.685+ge4fe171c",8055,132,2727,47,14,83,00:01:30,"mpic++ 8","LAVRL2022100589.ndc.nasa.gov","i7-12800H"
2024-10-20T00:43,"Femera 0.3.686+g4556416a",8053,132,2722,47,14,83,00:01:27,"mpic++ 8","LAVRL2022100589.ndc.nasa.gov","i7-12800H"
2024-10-20T15:14,"Femera 0.3.687+gbec134ee",8083,132,2723,47,14,82,00:01:36,"mpic++ 8","LAVRL2022100589.ndc.nasa.gov","i7-12800H"
2024-10-20T16:34,"Femera 0.3.688+g16228c99",8114,132,2723,47,14,82,00:01:29,"mpic++ 8","LAVRL2022100589.ndc.nasa.gov","i7-12800H"
2024-10-20T19:07,"Femera 0.3.689+gb5502d51",8099,132,2720,47,13,78,00:01:26,"mpic++ 8","LAVRL2022100589.ndc.nasa.gov","i7-12800H"
2024-10-20T20:53,"Femera 0.3.690+g01981ea6",8099,132,2741,47,13,78,00:01:28,"mpic++ 8","LAVRL2022100589.ndc.nasa.gov","i7-12800H"
2024-10-20T21:20,"Femera 0.3.691+g70fa302c",8099,132,2741,47,13,78,00:01:31,"mpic++ 8","LAVRL2022100589.ndc.nasa.gov","i7-12800H"
2024-10-21T14:36,"Femera 0.3.692+ge3b72c5e",8639,150,2901,53,14,80,00:01:54,"mpic++ 8","LAVRL2022100589.ndc.nasa.gov","i7-12800H"
2024-10-22T20:12,"Femera 0.3.693+gfd9930ef",8697,153,2923,54,14,80,00:01:44,"mpic++ 8","LAVRL2022100589.ndc.nasa.gov","i7-12800H"
2024-10-23T13:52,"Femera 0.3.694+g1a7247a9",8706,153,2954,54,14,80,00:01:49,"mpic++ 8","LAVRL2022100589.ndc.nasa.gov","i7-12800H"
2024-10-23T22:49,"Femera 0.3.695+ga8b19790",8792,154,2954,54,14,81,00:02:06,"mpic++ 8","LAVRL2022100589.ndc.nasa.gov","i7-12800H"
2024-10-24T00:36,"Femera 0.3.696+g5fdafadf",8945,154,2954,54,14,81,00:01:43,"mpic++ 8","LAVRL2022100589.ndc.nasa.gov","i7-12800H"
2024-10-24T20:45,"Femera 0.3.697+gf5b98f6a",9050,154,2988,54,14,81,00:01:42,"mpic++ 8","LAVRL2022100589.ndc.nasa.gov","i7-12800H"
2024-10-25T01:43,"Femera 0.3.698+g52fba26c",9050,154,3031,54,14,82,00:01:42,"mpic++ 8","LAVRL2022100589.ndc.nasa.gov","i7-12800H"
2024-10-25T15:21,"Femera 0.3.699+g56528ff4",9050,154,3171,54,14,82,00:01:48,"mpic++ 8","LAVRL2022100589.ndc.nasa.gov","i7-12800H"
2024-10-26T03:36,"Femera 0.3.700+ge4a31929",9288,154,3163,54,19,82,00:01:43,"mpic++ 8","LAVRL2022100589.ndc.nasa.gov","i7-12800H"
2024-10-26T14:41,"Femera 0.3.701+gb3a8c5be",9303,154,3163,54,14,87,00:01:50,"mpic++ 8","LAVRL2022100589.ndc.nasa.gov","i7-12800H"
2024-10-26T18:48,"Femera 0.3.702+gec309416",9335,154,3204,54,14,92,00:01:45,"mpic++ 8","LAVRL2022100589.ndc.nasa.gov","i7-12800H"
2024-10-29T00:13,"Femera 0.3.703+g3cad1d57",9665,166,3373,58,18,115,00:02:03,"mpic++ 8","LAVRL2022100589.ndc.nasa.gov","i7-12800H"
2024-10-29T02:58,"Femera 0.3.704+g8fb04be2",9622,166,3373,58,16,112,00:01:54,"mpic++ 8","LAVRL2022100589.ndc.nasa.gov","i7-12800H"
2024-10-29T12:15,"Femera 0.3.705+gebf4b26c",9742,178,3445,62,16,112,00:02:06,"mpic++ 8","LAVRL2022100589.ndc.nasa.gov","i7-12800H"
2024-10-29T14:46,"Femera 0.3.706+g85ab89f7",9993,178,3411,62,16,113,00:02:24,"mpic++ 8","LAVRL2022100589.ndc.nasa.gov","i7-12800H"
2024-10-29T14:53,"Femera 0.3.707+g67ae4325",10144,184,3447,64,16,115,00:02:11,"mpic++ 8","LAVRL2022100589.ndc.nasa.gov","i7-12800H"
2024-10-29T17:29,"Femera 0.3.708+ga48abc64",10158,184,3447,64,16,112,00:02:46,"mpic++ 8","LAVRL2022100589.ndc.nasa.gov","i7-12800H"
2024-10-29T17:33,"Femera 0.3.709+g7f60e72c",10161,184,3447,64,16,112,00:02:49,"mpic++ 8","LAVRL2022100589.ndc.nasa.gov","i7-12800H"
2024-10-31T19:46,"Femera 0.3.710+gfa9916f8",10521,184,3609,64,14,119,00:02:37,"mpic++ 8","LAVRL2022100589.ndc.nasa.gov","i7-12800H"
2024-10-31T22:37,"Femera 0.3.711+g9039e342",10608,184,3570,64,14,119,00:02:10,"mpic++ 8","LAVRL2022100589.ndc.nasa.gov","i7-12800H"
2024-11-01T17:47,"Femera 0.3.712+gf4699448",10653,184,3593,64,14,118,00:02:33,"mpic++ 8","LAVRL2022100589.ndc.nasa.gov","i7-12800H"
2024-11-01T18:10,"Femera 0.3.713+g4e6ec34a",10653,184,3433,64,14,117,00:02:48,"mpic++ 8","LAVRL2022100589.ndc.nasa.gov","i7-12800H"
2024-11-01T18:32,"Femera 0.3.716+g42eba446",10022,183,3417,63,14,106,00:02:40,"mpic++ 8","LAVRL2022100589.ndc.nasa.gov","i7-12800H"
2024-11-02T15:07,"Femera 0.3.717+gff73afc3",10042,183,3433,64,14,106,00:02:20,"mpic++ 8","LAVRL2022100589.ndc.nasa.gov","i7-12800H"
2024-11-02T21:31,"Femera 0.3.718+gd39e705b",10092,183,3453,64,14,106,00:02:09,"mpic++ 8","LAVRL2022100589.ndc.nasa.gov","i7-12800H"
2024-11-03T18:50,"Femera 0.3.719+gf4426584",10114,183,3471,64,14,105,00:02:15,"mpic++ 8","LAVRL2022100589.ndc.nasa.gov","i7-12800H"
2024-11-04T21:19,"Femera 0.3.720+g6b67d63f",10157,183,3494,64,14,110,00:02:18,"mpic++ 8","LAVRL2022100589.ndc.nasa.gov","i7-12800H"
2024-11-05T23:01,"Femera 0.3.722+gdf2bce53",10190,183,3502,64,15,114,00:02:19,"mpic++ 8","LAVRL2022100589.ndc.nasa.gov","i7-12800H"
2024-11-06T16:23,"Femera 0.3.723+g6bc7b336",10247,186,3518,65,15,115,00:02:24,"mpic++ 8","LAVRL2022100589.ndc.nasa.gov","i7-12800H"
2024-11-07T19:58,"Femera 0.3.724+g68f0bd4e",10272,186,3533,65,15,115,00:02:41,"mpic++ 8","LAVRL2022100589.ndc.nasa.gov","i7-12800H"
2024-11-09T14:42,"Femera 0.3.725+g8e630471",10345,192,3583,67,15,115,00:02:28,"mpic++ 8","LAVRL2022100589.ndc.nasa.gov","i7-12800H"
2024-11-09T15:28,"Femera 0.3.726+g30c02a8e",10371,192,3583,67,15,115,00:02:11,"mpic++ 8","LAVRL2022100589.ndc.nasa.gov","i7-12800H"
2024-11-11T16:38,"Femera 0.3.727+g7099370c",10374,192,3595,67,15,116,00:02:20,"mpic++ 8","LAVRL2022100589.ndc.nasa.gov","i7-12800H"
2024-11-17T19:46,"Femera 0.3.728+g93a8e692",10506,192,3650,67,15,118,00:02:20,"mpic++ 8","LAVRL2022100589.ndc.nasa.gov","i7-12800H"
2025-03-06T17:41,"Femera 0.3.729+g3b388e7e",10527,192,3650,67,15,121,00:02:35,"mpic++ 8","LAVRL2022100589.ndc.nasa.gov","i7-12800H"
2025-03-06T19:19,"Femera 0.3.730+g5345ea8f",10527,192,3650,67,15,121,00:02:40,"mpic++ 8","LAVRL2022100589.ndc.nasa.gov","i7-12800H"
2025-03-06T19:29,"Femera 0.3.731+g9b8bc160",10527,192,3650,67,15,121,00:02:06,"mpic++ 8","LAVRL2022100589.ndc.nasa.gov","i7-12800H"
2025-03-07T17:41,"Femera 0.3.732+g75511ee6",10530,192,3651,67,15,121,00:02:13,"mpic++ 8","LAVRL2022100589.ndc.nasa.gov","i7-12800H"
2025-03-09T01:05,"Femera 0.3.733+ge054a6fe",10538,192,3651,67,15,122,00:02:28,"mpic++ 8","LAVRL2022100589.ndc.nasa.gov","i7-12800H"
2025-03-09T02:06,"Femera 0.3.734+gd632b9c2",10547,192,3651,67,15,122,00:02:35,"mpic++ 8","LAVRL2022100589.ndc.nasa.gov","i7-12800H"
2025-03-09T02:18,"Femera 0.3.735+g311342ec",10547,192,3651,67,15,123,00:02:32,"mpic++ 8","LAVRL2022100589.ndc.nasa.gov","i7-12800H"
2025-03-09T15:01,"Femera 0.3.736+gbbdec2b4",10550,192,3651,67,15,123,00:02:38,"mpic++ 8","LAVRL2022100589.ndc.nasa.gov","i7-12800H"
2025-03-09T16:59,"Femera 0.3.737+g00dc7389",10550,192,3651,67,15,123,00:02:34,"mpic++ 8","LAVRL2022100589.ndc.nasa.gov","i7-12800H"
2025-03-10T14:31,"Femera 0.3.740+g018307e1",10551,192,3651,67,15,123,00:02:30,"mpic++ 8","LAVRL2022100589.ndc.nasa.gov","i7-12800H"
2025-03-10T14:52,"Femera 0.3.741+g2d7857a4",10556,192,3651,67,15,123,00:02:26,"mpic++ 8","LAVRL2022100589.ndc.nasa.gov","i7-12800H"
2025-03-10T21:35,"Femera 0.3.743+g96950c4b",10556,192,3651,67,15,123,00:02:34,"mpic++ 8","LAVRL2022100589.ndc.nasa.gov","i7-12800H"
2025-03-10T22:57,"Femera 0.3.744+gd9f52e26",10556,192,3651,67,15,123,00:02:17,"mpic++ 8","LAVRL2022100589.ndc.nasa.gov","i7-12800H"
2025-03-10T23:41,"Femera 0.3.745+gf95ddc72",10556,192,3651,67,15,123,00:02:01,"mpic++ 8","LAVRL2022100589.ndc.nasa.gov","i7-12800H"
2025-03-11T23:09,"Femera 0.3.746+g7be80699",10556,192,3651,67,15,123,00:02:28,"mpic++ 8","LAVRL2022100589.ndc.nasa.gov","i7-12800H"
2025-03-12T00:54,"Femera 0.3.749+gaa9fddd3",10556,192,3651,67,15,124,00:02:27,"mpic++ 8","LAVRL2022100589.ndc.nasa.gov","i7-12800H"
2025-03-12T01:30,"Femera 0.3.750+g9e5e7d2b",10556,192,3651,67,15,124,00:02:31,"mpic++ 8","LAVRL2022100589.ndc.nasa.gov","i7-12800H"
2025-03-12T13:56,"Femera 0.3.751+gf0f2f4e8",10712,194,3653,67,15,124,00:02:45,"mpic++ 8","LAVRL2022100589.ndc.nasa.gov","i7-12800H"
2025-03-12T23:39,"Femera 0.3.752+gfa585c89",10789,194,3656,67,15,124,00:02:38,"mpic++ 8","LAVRL2022100589.ndc.nasa.gov","i7-12800H"
2025-03-12T23:43,"Femera 0.3.753+gdc50e54f",10810,194,3656,67,15,124,00:02:33,"mpic++ 8","LAVRL2022100589.ndc.nasa.gov","i7-12800H"
2025-03-13T23:12,"Femera 0.3.754+gfb765269",10872,194,3656,67,15,124,00:02:45,"mpic++ 8","LAVRL2022100589.ndc.nasa.gov","i7-12800H"
2025-03-14T00:11,"Femera 0.3.755+g0366bbeb",10871,194,3656,67,15,124,00:02:42,"mpic++ 8","LAVRL2022100589.ndc.nasa.gov","i7-12800H"
2025-03-14T00:54,"Femera 0.3.756+gf509f7cd",10873,194,3656,67,15,124,00:02:35,"mpic++ 8","LAVRL2022100589.ndc.nasa.gov","i7-12800H"
2025-03-14T04:06,"Femera 0.3.757+g60f45850",10885,194,3656,67,15,124,00:02:43,"mpic++ 8","LAVRL2022100589.ndc.nasa.gov","i7-12800H"
2025-03-14T13:10,"Femera 0.3.758+gaa88091e",10991,195,3656,67,15,124,00:02:35,"mpic++ 8","LAVRL2022100589.ndc.nasa.gov","i7-12800H"
2025-03-14T13:55,"Femera 0.3.759+g63985a54",10994,195,3656,67,15,124,00:02:39,"mpic++ 8","LAVRL2022100589.ndc.nasa.gov","i7-12800H"
